---
layout:
---

<?xml version="1.0" encoding="UTF-8"?>
<rss version="2.0"
	xmlns:atom="http://www.w3.org/2005/Atom"
	xmlns:content="http://purl.org/rss/1.0/modules/content/">
	<channel>
		<title>{{ site.name | xml_escape }}</title>
		<description>
			{% if site.description %}
				{{ site.description | xml_escape }}
			{% endif %}
		</description>
		<link>{{ site.url }}</link>
		<atom:link href="{{ site.url }}/articles/feed.xml" rel="self" type="application/rss+xml" />
		{% for post in site.posts %}
			<item>
				<title>{{ post.title | strip_html }}</title>
				{% for tag in post.tags %}
					<category>{{ tag | strip_html }}></category>
				{% endfor %}
				<description>{{ post.excerpt | strip_html }}</description>
				<image>
					<url>http://www.w3schools.com/images/logo.gif</url>
					<title>{{ post.thumbnail.alt }}</title>
					<link>{{ site.files_url }}/img/thumbnails/{{ post.thumbnail.link }}</link>
				</image>
				<content type="html">
					{% if post.math %}
						<b>Warning:</b> this post contains math blocks rendered with the
						<a href="https://www.mathjax.org/">MathJax</a> JavaScript library. If you're using an RSS reader or
						otherwise have Javascript disabled, none of them will display, so you should instead read this article at
						its <a href="{{ site.url }}{{ post.url }}">source</a>.
					{% endif %}
					{{ post.content }}>
				</content>
				<pubDate>{{ post.date | date: "%a, %d %b %Y %H:%M:%S %z" }}</pubDate>
				<link>{{ site.url }}{{ post.url }}</link>
				<guid isPermaLink="true">{{ site.url }}{{ post.url }}</guid>
			</item>
		{% endfor %}
	</channel>
</rss>
